<ImportExportXml version="7.0.0001.0129" SolutionPackageVersion="7.0" languagecode="1033" generatedBy="OnPremise" xmlns:xsi="http://www.w3.org/2001/XMLSchema-instance">
  <SolutionManifest>
    <UniqueName>BinaryStorageOptions</UniqueName>
    <LocalizedNames>
      <LocalizedName description="Binary Storage Options" languagecode="1033" />
    </LocalizedNames>
    <Descriptions>
      <Description description="Transparently moves email attachments and annotations (note attachements) to an external storage provider, for example azure blob/file storage." languagecode="1033" />
    </Descriptions>
    <Version>1.0.0.0</Version>
    <Managed>1</Managed>
    <Publisher>
      <UniqueName>binarystorageoptions</UniqueName>
      <LocalizedNames>
        <LocalizedName description="Binary Storage Options" languagecode="1033" />
      </LocalizedNames>
      <Descriptions />
      <EMailAddress xsi:nil="true"></EMailAddress>
      <SupportingWebsiteUrl>http://dynamicscrmbinarystorageoptions.codeplex.com</SupportingWebsiteUrl>
      <CustomizationPrefix>bso</CustomizationPrefix>
      <CustomizationOptionValuePrefix>86150</CustomizationOptionValuePrefix>
      <Addresses>
        <Address>
          <AddressNumber>1</AddressNumber>
          <AddressTypeCode>1</AddressTypeCode>
          <City xsi:nil="true"></City>
          <County xsi:nil="true"></County>
          <Country xsi:nil="true"></Country>
          <Fax xsi:nil="true"></Fax>
          <FreightTermsCode xsi:nil="true"></FreightTermsCode>
          <ImportSequenceNumber xsi:nil="true"></ImportSequenceNumber>
          <Latitude xsi:nil="true"></Latitude>
          <Line1 xsi:nil="true"></Line1>
          <Line2 xsi:nil="true"></Line2>
          <Line3 xsi:nil="true"></Line3>
          <Longitude xsi:nil="true"></Longitude>
          <Name xsi:nil="true"></Name>
          <PostalCode xsi:nil="true"></PostalCode>
          <PostOfficeBox xsi:nil="true"></PostOfficeBox>
          <PrimaryContactName xsi:nil="true"></PrimaryContactName>
          <ShippingMethodCode>1</ShippingMethodCode>
          <StateOrProvince xsi:nil="true"></StateOrProvince>
          <Telephone1 xsi:nil="true"></Telephone1>
          <Telephone2 xsi:nil="true"></Telephone2>
          <Telephone3 xsi:nil="true"></Telephone3>
          <TimeZoneRuleVersionNumber xsi:nil="true"></TimeZoneRuleVersionNumber>
          <UPSZone xsi:nil="true"></UPSZone>
          <UTCOffset xsi:nil="true"></UTCOffset>
          <UTCConversionTimeZoneCode xsi:nil="true"></UTCConversionTimeZoneCode>
        </Address>
        <Address>
          <AddressNumber>2</AddressNumber>
          <AddressTypeCode>1</AddressTypeCode>
          <City xsi:nil="true"></City>
          <County xsi:nil="true"></County>
          <Country xsi:nil="true"></Country>
          <Fax xsi:nil="true"></Fax>
          <FreightTermsCode xsi:nil="true"></FreightTermsCode>
          <ImportSequenceNumber xsi:nil="true"></ImportSequenceNumber>
          <Latitude xsi:nil="true"></Latitude>
          <Line1 xsi:nil="true"></Line1>
          <Line2 xsi:nil="true"></Line2>
          <Line3 xsi:nil="true"></Line3>
          <Longitude xsi:nil="true"></Longitude>
          <Name xsi:nil="true"></Name>
          <PostalCode xsi:nil="true"></PostalCode>
          <PostOfficeBox xsi:nil="true"></PostOfficeBox>
          <PrimaryContactName xsi:nil="true"></PrimaryContactName>
          <ShippingMethodCode>1</ShippingMethodCode>
          <StateOrProvince xsi:nil="true"></StateOrProvince>
          <Telephone1 xsi:nil="true"></Telephone1>
          <Telephone2 xsi:nil="true"></Telephone2>
          <Telephone3 xsi:nil="true"></Telephone3>
          <TimeZoneRuleVersionNumber xsi:nil="true"></TimeZoneRuleVersionNumber>
          <UPSZone xsi:nil="true"></UPSZone>
          <UTCOffset xsi:nil="true"></UTCOffset>
          <UTCConversionTimeZoneCode xsi:nil="true"></UTCConversionTimeZoneCode>
        </Address>
      </Addresses>
    </Publisher>
    <RootComponents>
      <RootComponent type="1" schemaName="bso_binarystorageoptionsconfigurationsettin" />
      <RootComponent type="91" schemaName="BinaryStorageOptions, Version=1.0.0.0, Culture=neutral, PublicKeyToken=58c4faeff8365b1e" />
      <RootComponent type="92" id="{051e2ee7-f121-e611-9427-0050569079a0}" />
      <RootComponent type="92" id="{41ee5052-fb21-e611-9427-0050569079a0}" />
      <RootComponent type="92" id="{9cffdaf3-f121-e611-9427-0050569079a0}" />
      <RootComponent type="92" id="{ab52db5e-fb21-e611-9427-0050569079a0}" />
      <RootComponent type="92" id="{ac3cd808-f221-e611-9427-0050569079a0}" />
      <RootComponent type="92" id="{eb7133fc-f121-e611-9427-0050569079a0}" />
      <RootComponent type="92" id="{fac7e3b8-f121-e611-9427-0050569079a0}" />
      <RootComponent type="92" id="{fc0570c7-f121-e611-9427-0050569079a0}" />
    </RootComponents>
    <MissingDependencies />
  </SolutionManifest>
</ImportExportXml>