<ImportExportXml xmlns:xsi="http://www.w3.org/2001/XMLSchema-instance">
  <Entities></Entities>
  <Roles></Roles>
  <Workflows></Workflows>
  <FieldSecurityProfiles></FieldSecurityProfiles>
  <Templates />
  <EntityMaps />
  <EntityRelationships />
  <OrganizationSettings />
  <optionsets />
  <SolutionPluginAssemblies>
    <PluginAssembly FullName="BinaryStorageOptions, Version=3.1.0.0, Culture=neutral, PublicKeyToken=58c4faeff8365b1e" CustomizationLevel="1">
      <IsolationMode>2</IsolationMode>
      <SourceType>0</SourceType>
      <IntroducedVersion>1.0</IntroducedVersion>
      <FileName>/PluginAssemblies/BinaryStorageOptions-B554D6FE-97AD-4089-9E66-B38466EF0DC7/BinaryStorageOptions.dll</FileName>
      <PluginTypes>
        <PluginType AssemblyQualifiedName="BinaryStorageOptions.Plugin, BinaryStorageOptions, Version=3.1.0.0, Culture=neutral, PublicKeyToken=58c4faeff8365b1e" Name="BinaryStorageOptions.Plugin">
          <FriendlyName>6e283184-e2af-4309-b70f-ccfe3b1f5a47</FriendlyName>
        </PluginType>
      </PluginTypes>
    </PluginAssembly>
  </SolutionPluginAssemblies>
  <SdkMessageProcessingSteps>
    <SdkMessageProcessingStep Name="BinaryStorageOptions.Plugin: Create of activitymimeattachment" SdkMessageProcessingStepId="{2d827395-0729-e611-942c-0050569079a0}">
      <PluginTypeName>BinaryStorageOptions.Plugin, BinaryStorageOptions, Version=3.1.0.0, Culture=neutral, PublicKeyToken=58c4faeff8365b1e</PluginTypeName>
      <PrimaryEntity>activitymimeattachment</PrimaryEntity>
      <AsyncAutoDelete>0</AsyncAutoDelete>
      <Configuration>&lt;Settings&gt;
 &lt;Setting key="ConfigurationProviderType" value="PluginStepConfigurationProvider" /&gt;
 &lt;Setting key="Provider Type" value="AzureFile" /&gt;
 &lt;Setting key="annotationContainer" value="crmannotations" /&gt;
 &lt;Setting key="annotationFolder" value="annotations" /&gt;
 &lt;Setting key="annotationShare" value="crm" /&gt;
 &lt;Setting key="activitymimeattachmentContainer" value="crmactivitymimeattachments" /&gt;
 &lt;Setting key="activitymimeattachmentFolder" value="activitymimeattachments" /&gt;
 &lt;Setting key="activitymimeattachmentShare" value="crm" /&gt;
&lt;/Settings&gt;
</Configuration>
      <Description>BinaryStorageOptions.Plugin: Create of activitymimeattachment</Description>
      <InvocationSource>1</InvocationSource>
      <Mode>0</Mode>
      <Rank>1</Rank>
      <SdkMessageId>{9ebdbb1b-ea3e-db11-86a7-000a3a5473e8}</SdkMessageId>
      <EventHandlerTypeCode>4602</EventHandlerTypeCode>
      <Stage>20</Stage>
      <IsCustomizable>1</IsCustomizable>
      <IsHidden>0</IsHidden>
      <SupportedDeployment>0</SupportedDeployment>
      <IntroducedVersion>1.0</IntroducedVersion>
      <SdkMessageProcessingStepImages />
    </SdkMessageProcessingStep>
    <SdkMessageProcessingStep Name="BinaryStorageOptions.Plugin: Create of annotation" SdkMessageProcessingStepId="{09f2c18e-0729-e611-942c-0050569079a0}">
      <PluginTypeName>BinaryStorageOptions.Plugin, BinaryStorageOptions, Version=3.1.0.0, Culture=neutral, PublicKeyToken=58c4faeff8365b1e</PluginTypeName>
      <PrimaryEntity>annotation</PrimaryEntity>
      <AsyncAutoDelete>0</AsyncAutoDelete>
      <Configuration>&lt;Settings&gt;
 &lt;Setting key="ConfigurationProviderType" value="PluginStepConfigurationProvider" /&gt;
 &lt;Setting key="Provider Type" value="AzureFile" /&gt;
 &lt;Setting key="annotationContainer" value="crmannotations" /&gt;
 &lt;Setting key="annotationFolder" value="annotations" /&gt;
 &lt;Setting key="annotationShare" value="crm" /&gt;
 &lt;Setting key="activitymimeattachmentContainer" value="crmactivitymimeattachments" /&gt;
 &lt;Setting key="activitymimeattachmentFolder" value="activitymimeattachments" /&gt;
 &lt;Setting key="activitymimeattachmentShare" value="crm" /&gt;
&lt;/Settings&gt;
</Configuration>
      <Description>BinaryStorageOptions.Plugin: Create of annotation</Description>
      <InvocationSource>1</InvocationSource>
      <Mode>0</Mode>
      <Rank>1</Rank>
      <SdkMessageId>{9ebdbb1b-ea3e-db11-86a7-000a3a5473e8}</SdkMessageId>
      <EventHandlerTypeCode>4602</EventHandlerTypeCode>
      <Stage>20</Stage>
      <IsCustomizable>1</IsCustomizable>
      <IsHidden>0</IsHidden>
      <SupportedDeployment>0</SupportedDeployment>
      <IntroducedVersion>1.0</IntroducedVersion>
      <SdkMessageProcessingStepImages />
    </SdkMessageProcessingStep>
    <SdkMessageProcessingStep Name="BinaryStorageOptions.Plugin: Delete of activitymimeattachment" SdkMessageProcessingStepId="{58e007b2-0729-e611-942c-0050569079a0}">
      <PluginTypeName>BinaryStorageOptions.Plugin, BinaryStorageOptions, Version=3.1.0.0, Culture=neutral, PublicKeyToken=58c4faeff8365b1e</PluginTypeName>
      <PrimaryEntity>activitymimeattachment</PrimaryEntity>
      <AsyncAutoDelete>0</AsyncAutoDelete>
      <Configuration>&lt;Settings&gt;
 &lt;Setting key="ConfigurationProviderType" value="PluginStepConfigurationProvider" /&gt;
 &lt;Setting key="Provider Type" value="AzureFile" /&gt;
 &lt;Setting key="annotationContainer" value="crmannotations" /&gt;
 &lt;Setting key="annotationFolder" value="annotations" /&gt;
 &lt;Setting key="annotationShare" value="crm" /&gt;
 &lt;Setting key="activitymimeattachmentContainer" value="crmactivitymimeattachments" /&gt;
 &lt;Setting key="activitymimeattachmentFolder" value="activitymimeattachments" /&gt;
 &lt;Setting key="activitymimeattachmentShare" value="crm" /&gt;
&lt;/Settings&gt;
</Configuration>
      <Description>BinaryStorageOptions.Plugin: Delete of activitymimeattachment</Description>
      <InvocationSource>1</InvocationSource>
      <Mode>0</Mode>
      <Rank>1</Rank>
      <SdkMessageId>{a1bdbb1b-ea3e-db11-86a7-000a3a5473e8}</SdkMessageId>
      <EventHandlerTypeCode>4602</EventHandlerTypeCode>
      <Stage>40</Stage>
      <IsCustomizable>1</IsCustomizable>
      <IsHidden>0</IsHidden>
      <SupportedDeployment>0</SupportedDeployment>
      <IntroducedVersion>1.0</IntroducedVersion>
      <SdkMessageProcessingStepImages>
        <SdkMessageProcessingStepImage Name="PreDelete">
          <SdkMessageProcessingStepImageId>{70b7aee8-0729-e611-942c-0050569079a0}</SdkMessageProcessingStepImageId>
          <EntityAlias>PreDelete</EntityAlias>
          <ImageType>0</ImageType>
          <MessagePropertyName>Target</MessagePropertyName>
          <IsCustomizable>1</IsCustomizable>
        </SdkMessageProcessingStepImage>
      </SdkMessageProcessingStepImages>
    </SdkMessageProcessingStep>
    <SdkMessageProcessingStep Name="BinaryStorageOptions.Plugin: Delete of annotation" SdkMessageProcessingStepId="{8311bea9-0729-e611-942c-0050569079a0}">
      <PluginTypeName>BinaryStorageOptions.Plugin, BinaryStorageOptions, Version=3.1.0.0, Culture=neutral, PublicKeyToken=58c4faeff8365b1e</PluginTypeName>
      <PrimaryEntity>annotation</PrimaryEntity>
      <AsyncAutoDelete>0</AsyncAutoDelete>
      <Configuration>&lt;Settings&gt;
 &lt;Setting key="ConfigurationProviderType" value="PluginStepConfigurationProvider" /&gt;
 &lt;Setting key="Provider Type" value="AzureFile" /&gt;
 &lt;Setting key="annotationContainer" value="crmannotations" /&gt;
 &lt;Setting key="annotationFolder" value="annotations" /&gt;
 &lt;Setting key="annotationShare" value="crm" /&gt;
 &lt;Setting key="activitymimeattachmentContainer" value="crmactivitymimeattachments" /&gt;
 &lt;Setting key="activitymimeattachmentFolder" value="activitymimeattachments" /&gt;
 &lt;Setting key="activitymimeattachmentShare" value="crm" /&gt;
&lt;/Settings&gt;
</Configuration>
      <Description>BinaryStorageOptions.Plugin: Delete of annotation</Description>
      <InvocationSource>1</InvocationSource>
      <Mode>0</Mode>
      <Rank>1</Rank>
      <SdkMessageId>{a1bdbb1b-ea3e-db11-86a7-000a3a5473e8}</SdkMessageId>
      <EventHandlerTypeCode>4602</EventHandlerTypeCode>
      <Stage>40</Stage>
      <IsCustomizable>1</IsCustomizable>
      <IsHidden>0</IsHidden>
      <SupportedDeployment>0</SupportedDeployment>
      <IntroducedVersion>1.0</IntroducedVersion>
      <SdkMessageProcessingStepImages>
        <SdkMessageProcessingStepImage Name="PreDelete">
          <SdkMessageProcessingStepImageId>{6fb7aee8-0729-e611-942c-0050569079a0}</SdkMessageProcessingStepImageId>
          <EntityAlias>PreDelete</EntityAlias>
          <ImageType>0</ImageType>
          <MessagePropertyName>Target</MessagePropertyName>
          <IsCustomizable>1</IsCustomizable>
        </SdkMessageProcessingStepImage>
      </SdkMessageProcessingStepImages>
    </SdkMessageProcessingStep>
    <SdkMessageProcessingStep Name="BinaryStorageOptions.Plugin: Retrieve of activitymimeattachment" SdkMessageProcessingStepId="{ed01bace-0729-e611-942c-0050569079a0}">
      <PluginTypeName>BinaryStorageOptions.Plugin, BinaryStorageOptions, Version=3.1.0.0, Culture=neutral, PublicKeyToken=58c4faeff8365b1e</PluginTypeName>
      <PrimaryEntity>activitymimeattachment</PrimaryEntity>
      <AsyncAutoDelete>0</AsyncAutoDelete>
      <Configuration>&lt;Settings&gt;
 &lt;Setting key="ConfigurationProviderType" value="PluginStepConfigurationProvider" /&gt;
 &lt;Setting key="Provider Type" value="AzureFile" /&gt;
 &lt;Setting key="annotationContainer" value="crmannotations" /&gt;
 &lt;Setting key="annotationFolder" value="annotations" /&gt;
 &lt;Setting key="annotationShare" value="crm" /&gt;
 &lt;Setting key="activitymimeattachmentContainer" value="crmactivitymimeattachments" /&gt;
 &lt;Setting key="activitymimeattachmentFolder" value="activitymimeattachments" /&gt;
 &lt;Setting key="activitymimeattachmentShare" value="crm" /&gt;
&lt;/Settings&gt;
</Configuration>
      <Description>BinaryStorageOptions.Plugin: Retrieve of activitymimeattachment</Description>
      <InvocationSource>0</InvocationSource>
      <Mode>0</Mode>
      <Rank>1</Rank>
      <SdkMessageId>{f2bdbb1b-ea3e-db11-86a7-000a3a5473e8}</SdkMessageId>
      <EventHandlerTypeCode>4602</EventHandlerTypeCode>
      <Stage>40</Stage>
      <IsCustomizable>1</IsCustomizable>
      <IsHidden>0</IsHidden>
      <SupportedDeployment>0</SupportedDeployment>
      <IntroducedVersion>1.0</IntroducedVersion>
      <SdkMessageProcessingStepImages />
    </SdkMessageProcessingStep>
    <SdkMessageProcessingStep Name="BinaryStorageOptions.Plugin: Retrieve of annotation" SdkMessageProcessingStepId="{87bbacbb-0729-e611-942c-0050569079a0}">
      <PluginTypeName>BinaryStorageOptions.Plugin, BinaryStorageOptions, Version=3.1.0.0, Culture=neutral, PublicKeyToken=58c4faeff8365b1e</PluginTypeName>
      <PrimaryEntity>annotation</PrimaryEntity>
      <AsyncAutoDelete>0</AsyncAutoDelete>
      <Configuration>&lt;Settings&gt;
 &lt;Setting key="ConfigurationProviderType" value="PluginStepConfigurationProvider" /&gt;
 &lt;Setting key="Provider Type" value="AzureFile" /&gt;
 &lt;Setting key="annotationContainer" value="crmannotations" /&gt;
 &lt;Setting key="annotationFolder" value="annotations" /&gt;
 &lt;Setting key="annotationShare" value="crm" /&gt;
 &lt;Setting key="activitymimeattachmentContainer" value="crmactivitymimeattachments" /&gt;
 &lt;Setting key="activitymimeattachmentFolder" value="activitymimeattachments" /&gt;
 &lt;Setting key="activitymimeattachmentShare" value="crm" /&gt;
&lt;/Settings&gt;
</Configuration>
      <Description>BinaryStorageOptions.Plugin: Retrieve of annotation</Description>
      <InvocationSource>0</InvocationSource>
      <Mode>0</Mode>
      <Rank>1</Rank>
      <SdkMessageId>{f2bdbb1b-ea3e-db11-86a7-000a3a5473e8}</SdkMessageId>
      <EventHandlerTypeCode>4602</EventHandlerTypeCode>
      <Stage>40</Stage>
      <IsCustomizable>1</IsCustomizable>
      <IsHidden>0</IsHidden>
      <SupportedDeployment>0</SupportedDeployment>
      <IntroducedVersion>1.0</IntroducedVersion>
      <SdkMessageProcessingStepImages />
    </SdkMessageProcessingStep>
    <SdkMessageProcessingStep Name="BinaryStorageOptions.Plugin: RetrieveMultiple of activitymimeattachment" SdkMessageProcessingStepId="{fcdc94d6-0729-e611-942c-0050569079a0}">
      <PluginTypeName>BinaryStorageOptions.Plugin, BinaryStorageOptions, Version=3.1.0.0, Culture=neutral, PublicKeyToken=58c4faeff8365b1e</PluginTypeName>
      <PrimaryEntity>activitymimeattachment</PrimaryEntity>
      <AsyncAutoDelete>0</AsyncAutoDelete>
      <Configuration>&lt;Settings&gt;
 &lt;Setting key="ConfigurationProviderType" value="PluginStepConfigurationProvider" /&gt;
 &lt;Setting key="Provider Type" value="AzureFile" /&gt;
 &lt;Setting key="annotationContainer" value="crmannotations" /&gt;
 &lt;Setting key="annotationFolder" value="annotations" /&gt;
 &lt;Setting key="annotationShare" value="crm" /&gt;
 &lt;Setting key="activitymimeattachmentContainer" value="crmactivitymimeattachments" /&gt;
 &lt;Setting key="activitymimeattachmentFolder" value="activitymimeattachments" /&gt;
 &lt;Setting key="activitymimeattachmentShare" value="crm" /&gt;
&lt;/Settings&gt;
</Configuration>
      <Description>BinaryStorageOptions.Plugin: RetrieveMultiple of activitymimeattachment</Description>
      <InvocationSource>0</InvocationSource>
      <Mode>0</Mode>
      <Rank>1</Rank>
      <SdkMessageId>{03bebb1b-ea3e-db11-86a7-000a3a5473e8}</SdkMessageId>
      <EventHandlerTypeCode>4602</EventHandlerTypeCode>
      <Stage>40</Stage>
      <IsCustomizable>1</IsCustomizable>
      <IsHidden>0</IsHidden>
      <SupportedDeployment>0</SupportedDeployment>
      <IntroducedVersion>1.0</IntroducedVersion>
      <SdkMessageProcessingStepImages />
    </SdkMessageProcessingStep>
    <SdkMessageProcessingStep Name="BinaryStorageOptions.Plugin: RetrieveMultiple of annotation" SdkMessageProcessingStepId="{ca9f8ac8-0729-e611-942c-0050569079a0}">
      <PluginTypeName>BinaryStorageOptions.Plugin, BinaryStorageOptions, Version=3.1.0.0, Culture=neutral, PublicKeyToken=58c4faeff8365b1e</PluginTypeName>
      <PrimaryEntity>annotation</PrimaryEntity>
      <AsyncAutoDelete>0</AsyncAutoDelete>
      <Configuration>&lt;Settings&gt;
 &lt;Setting key="ConfigurationProviderType" value="PluginStepConfigurationProvider" /&gt;
 &lt;Setting key="Provider Type" value="AzureFile" /&gt;
 &lt;Setting key="annotationContainer" value="crmannotations" /&gt;
 &lt;Setting key="annotationFolder" value="annotations" /&gt;
 &lt;Setting key="annotationShare" value="crm" /&gt;
 &lt;Setting key="activitymimeattachmentContainer" value="crmactivitymimeattachments" /&gt;
 &lt;Setting key="activitymimeattachmentFolder" value="activitymimeattachments" /&gt;
 &lt;Setting key="activitymimeattachmentShare" value="crm" /&gt;
&lt;/Settings&gt;
</Configuration>
      <Description>BinaryStorageOptions.Plugin: RetrieveMultiple of annotation</Description>
      <InvocationSource>0</InvocationSource>
      <Mode>0</Mode>
      <Rank>1</Rank>
      <SdkMessageId>{03bebb1b-ea3e-db11-86a7-000a3a5473e8}</SdkMessageId>
      <EventHandlerTypeCode>4602</EventHandlerTypeCode>
      <Stage>40</Stage>
      <IsCustomizable>1</IsCustomizable>
      <IsHidden>0</IsHidden>
      <SupportedDeployment>0</SupportedDeployment>
      <IntroducedVersion>1.0</IntroducedVersion>
      <SdkMessageProcessingStepImages />
    </SdkMessageProcessingStep>
  </SdkMessageProcessingSteps>
  <Languages>
    <Language>1033</Language>
  </Languages>
</ImportExportXml>