<ImportExportXml xmlns:xsi="http://www.w3.org/2001/XMLSchema-instance">
  <Entities></Entities>
  <Roles></Roles>
  <Workflows></Workflows>
  <FieldSecurityProfiles></FieldSecurityProfiles>
  <Templates />
  <EntityMaps />
  <EntityRelationships />
  <OrganizationSettings />
  <optionsets />
  <SolutionPluginAssemblies>
    <PluginAssembly FullName="BinaryStorageOptions, Version=4.0.0.0, Culture=neutral, PublicKeyToken=58c4faeff8365b1e" CustomizationLevel="1">
      <IsolationMode>2</IsolationMode>
      <SourceType>0</SourceType>
      <IntroducedVersion>1.0</IntroducedVersion>
      <FileName>/PluginAssemblies/BinaryStorageOptions-6C62DC19-629F-4332-B0B3-E64A452764D8/BinaryStorageOptions.dll</FileName>
      <PluginTypes>
        <PluginType AssemblyQualifiedName="BinaryStorageOptions.Plugin, BinaryStorageOptions, Version=4.0.0.0, Culture=neutral, PublicKeyToken=58c4faeff8365b1e" Name="BinaryStorageOptions.Plugin">
          <FriendlyName>2c7a7194-30de-4919-8576-e94830988b48</FriendlyName>
        </PluginType>
      </PluginTypes>
    </PluginAssembly>
  </SolutionPluginAssemblies>
  <SdkMessageProcessingSteps>
    <SdkMessageProcessingStep Name="BinaryStorageOptions.Plugin: Create of activitymimeattachment" SdkMessageProcessingStepId="{d2e89545-de31-e611-942d-0050569079a0}">
      <PluginTypeName>BinaryStorageOptions.Plugin, BinaryStorageOptions, Version=4.0.0.0, Culture=neutral, PublicKeyToken=58c4faeff8365b1e</PluginTypeName>
      <PrimaryEntity>activitymimeattachment</PrimaryEntity>
      <AsyncAutoDelete>1</AsyncAutoDelete>
      <Configuration>&lt;Settings&gt;
 &lt;Setting key="ConfigurationProviderType" value="PluginStepConfigurationProvider" /&gt;
 &lt;Setting key="Provider Type" value="AzureBlob" /&gt;
 &lt;Setting key="Compression" value="Zip" /&gt;
 &lt;Setting key="CompressionThreshold" value="0.95" /&gt;
 &lt;Setting key="Encryption" value="AES256" /&gt;
 &lt;Setting key="annotationFolder" value="annotations" /&gt;
 &lt;Setting key="annotationRoot" value="crm" /&gt;
 &lt;Setting key="activitymimeattachmentFolder" value="activitymimeattachments" /&gt;
 &lt;Setting key="activitymimeattachmentRoot" value="crm" /&gt;
&lt;/Settings&gt;</Configuration>
      <Description>BinaryStorageOptions.Plugin: Create of activitymimeattachment</Description>
      <InvocationSource>1</InvocationSource>
      <Mode>1</Mode>
      <Rank>1</Rank>
      <SdkMessageId>{9ebdbb1b-ea3e-db11-86a7-000a3a5473e8}</SdkMessageId>
      <EventHandlerTypeCode>4602</EventHandlerTypeCode>
      <Stage>40</Stage>
      <IsCustomizable>1</IsCustomizable>
      <IsHidden>0</IsHidden>
      <SupportedDeployment>0</SupportedDeployment>
      <IntroducedVersion>1.0</IntroducedVersion>
      <SdkMessageProcessingStepImages />
    </SdkMessageProcessingStep>
    <SdkMessageProcessingStep Name="BinaryStorageOptions.Plugin: Create of annotation" SdkMessageProcessingStepId="{8356113b-de31-e611-942d-0050569079a0}">
      <PluginTypeName>BinaryStorageOptions.Plugin, BinaryStorageOptions, Version=4.0.0.0, Culture=neutral, PublicKeyToken=58c4faeff8365b1e</PluginTypeName>
      <PrimaryEntity>annotation</PrimaryEntity>
      <AsyncAutoDelete>0</AsyncAutoDelete>
      <Configuration>&lt;Settings&gt;
 &lt;Setting key="ConfigurationProviderType" value="PluginStepConfigurationProvider" /&gt;
 &lt;Setting key="Provider Type" value="AzureBlob" /&gt;
 &lt;Setting key="Compression" value="Zip" /&gt;
 &lt;Setting key="CompressionThreshold" value="0.95" /&gt;
 &lt;Setting key="Encryption" value="AES256" /&gt;
 &lt;Setting key="annotationFolder" value="annotations" /&gt;
 &lt;Setting key="annotationRoot" value="crm" /&gt;
 &lt;Setting key="activitymimeattachmentFolder" value="activitymimeattachments" /&gt;
 &lt;Setting key="activitymimeattachmentRoot" value="crm" /&gt;
&lt;/Settings&gt;
</Configuration>
      <Description>BinaryStorageOptions.Plugin: Create of annotation</Description>
      <InvocationSource>1</InvocationSource>
      <Mode>0</Mode>
      <Rank>1</Rank>
      <SdkMessageId>{9ebdbb1b-ea3e-db11-86a7-000a3a5473e8}</SdkMessageId>
      <EventHandlerTypeCode>4602</EventHandlerTypeCode>
      <Stage>20</Stage>
      <IsCustomizable>1</IsCustomizable>
      <IsHidden>0</IsHidden>
      <SupportedDeployment>0</SupportedDeployment>
      <IntroducedVersion>1.0</IntroducedVersion>
      <SdkMessageProcessingStepImages />
    </SdkMessageProcessingStep>
    <SdkMessageProcessingStep Name="BinaryStorageOptions.Plugin: Delete of activitymimeattachment" SdkMessageProcessingStepId="{08c56b7f-de31-e611-942d-0050569079a0}">
      <PluginTypeName>BinaryStorageOptions.Plugin, BinaryStorageOptions, Version=4.0.0.0, Culture=neutral, PublicKeyToken=58c4faeff8365b1e</PluginTypeName>
      <PrimaryEntity>activitymimeattachment</PrimaryEntity>
      <AsyncAutoDelete>1</AsyncAutoDelete>
      <Configuration>&lt;Settings&gt;
 &lt;Setting key="ConfigurationProviderType" value="PluginStepConfigurationProvider" /&gt;
 &lt;Setting key="Provider Type" value="AzureBlob" /&gt;
 &lt;Setting key="Compression" value="Zip" /&gt;
 &lt;Setting key="CompressionThreshold" value="0.95" /&gt;
 &lt;Setting key="Encryption" value="AES256" /&gt;
 &lt;Setting key="annotationFolder" value="annotations" /&gt;
 &lt;Setting key="annotationRoot" value="crm" /&gt;
 &lt;Setting key="activitymimeattachmentFolder" value="activitymimeattachments" /&gt;
 &lt;Setting key="activitymimeattachmentRoot" value="crm" /&gt;
&lt;/Settings&gt;</Configuration>
      <Description>BinaryStorageOptions.Plugin: Delete of activitymimeattachment</Description>
      <InvocationSource>1</InvocationSource>
      <Mode>1</Mode>
      <Rank>1</Rank>
      <SdkMessageId>{a1bdbb1b-ea3e-db11-86a7-000a3a5473e8}</SdkMessageId>
      <EventHandlerTypeCode>4602</EventHandlerTypeCode>
      <Stage>40</Stage>
      <IsCustomizable>1</IsCustomizable>
      <IsHidden>0</IsHidden>
      <SupportedDeployment>0</SupportedDeployment>
      <IntroducedVersion>1.0</IntroducedVersion>
      <SdkMessageProcessingStepImages>
        <SdkMessageProcessingStepImage Name="PreDelete">
          <SdkMessageProcessingStepImageId>{e19eb38b-de31-e611-942d-0050569079a0}</SdkMessageProcessingStepImageId>
          <Attributes>filename</Attributes>
          <EntityAlias>PreDelete</EntityAlias>
          <ImageType>0</ImageType>
          <MessagePropertyName>Target</MessagePropertyName>
          <IsCustomizable>1</IsCustomizable>
        </SdkMessageProcessingStepImage>
      </SdkMessageProcessingStepImages>
    </SdkMessageProcessingStep>
    <SdkMessageProcessingStep Name="BinaryStorageOptions.Plugin: Delete of annotation" SdkMessageProcessingStepId="{2acf5957-de31-e611-942d-0050569079a0}">
      <PluginTypeName>BinaryStorageOptions.Plugin, BinaryStorageOptions, Version=4.0.0.0, Culture=neutral, PublicKeyToken=58c4faeff8365b1e</PluginTypeName>
      <PrimaryEntity>annotation</PrimaryEntity>
      <AsyncAutoDelete>1</AsyncAutoDelete>
      <Configuration>&lt;Settings&gt;
 &lt;Setting key="ConfigurationProviderType" value="PluginStepConfigurationProvider" /&gt;
 &lt;Setting key="Provider Type" value="AzureBlob" /&gt;
 &lt;Setting key="Compression" value="Zip" /&gt;
 &lt;Setting key="CompressionThreshold" value="0.95" /&gt;
 &lt;Setting key="Encryption" value="AES256" /&gt;
 &lt;Setting key="annotationFolder" value="annotations" /&gt;
 &lt;Setting key="annotationRoot" value="crm" /&gt;
 &lt;Setting key="activitymimeattachmentFolder" value="activitymimeattachments" /&gt;
 &lt;Setting key="activitymimeattachmentRoot" value="crm" /&gt;
&lt;/Settings&gt;</Configuration>
      <Description>BinaryStorageOptions.Plugin: Delete of annotation</Description>
      <InvocationSource>1</InvocationSource>
      <Mode>1</Mode>
      <Rank>1</Rank>
      <SdkMessageId>{a1bdbb1b-ea3e-db11-86a7-000a3a5473e8}</SdkMessageId>
      <EventHandlerTypeCode>4602</EventHandlerTypeCode>
      <Stage>40</Stage>
      <IsCustomizable>1</IsCustomizable>
      <IsHidden>0</IsHidden>
      <SupportedDeployment>0</SupportedDeployment>
      <IntroducedVersion>1.0</IntroducedVersion>
      <SdkMessageProcessingStepImages>
        <SdkMessageProcessingStepImage Name="PreDelete">
          <SdkMessageProcessingStepImageId>{e9211474-de31-e611-942d-0050569079a0}</SdkMessageProcessingStepImageId>
          <Attributes>filename</Attributes>
          <EntityAlias>PreDelete</EntityAlias>
          <ImageType>0</ImageType>
          <MessagePropertyName>Target</MessagePropertyName>
          <IsCustomizable>1</IsCustomizable>
        </SdkMessageProcessingStepImage>
      </SdkMessageProcessingStepImages>
    </SdkMessageProcessingStep>
    <SdkMessageProcessingStep Name="BinaryStorageOptions.Plugin: Retrieve of activitymimeattachment" SdkMessageProcessingStepId="{747ad3a5-de31-e611-942d-0050569079a0}">
      <PluginTypeName>BinaryStorageOptions.Plugin, BinaryStorageOptions, Version=4.0.0.0, Culture=neutral, PublicKeyToken=58c4faeff8365b1e</PluginTypeName>
      <PrimaryEntity>activitymimeattachment</PrimaryEntity>
      <AsyncAutoDelete>0</AsyncAutoDelete>
      <Configuration>&lt;Settings&gt;
 &lt;Setting key="ConfigurationProviderType" value="PluginStepConfigurationProvider" /&gt;
 &lt;Setting key="Provider Type" value="AzureBlob" /&gt;
 &lt;Setting key="Compression" value="Zip" /&gt;
 &lt;Setting key="CompressionThreshold" value="0.95" /&gt;
 &lt;Setting key="Encryption" value="AES256" /&gt;
 &lt;Setting key="annotationFolder" value="annotations" /&gt;
 &lt;Setting key="annotationRoot" value="crm" /&gt;
 &lt;Setting key="activitymimeattachmentFolder" value="activitymimeattachments" /&gt;
 &lt;Setting key="activitymimeattachmentRoot" value="crm" /&gt;
&lt;/Settings&gt;</Configuration>
      <Description>BinaryStorageOptions.Plugin: Retrieve of activitymimeattachment</Description>
      <InvocationSource>0</InvocationSource>
      <Mode>0</Mode>
      <Rank>1</Rank>
      <SdkMessageId>{f2bdbb1b-ea3e-db11-86a7-000a3a5473e8}</SdkMessageId>
      <EventHandlerTypeCode>4602</EventHandlerTypeCode>
      <Stage>40</Stage>
      <IsCustomizable>1</IsCustomizable>
      <IsHidden>0</IsHidden>
      <SupportedDeployment>0</SupportedDeployment>
      <IntroducedVersion>1.0</IntroducedVersion>
      <SdkMessageProcessingStepImages />
    </SdkMessageProcessingStep>
    <SdkMessageProcessingStep Name="BinaryStorageOptions.Plugin: Retrieve of annotation" SdkMessageProcessingStepId="{76c40e97-de31-e611-942d-0050569079a0}">
      <PluginTypeName>BinaryStorageOptions.Plugin, BinaryStorageOptions, Version=4.0.0.0, Culture=neutral, PublicKeyToken=58c4faeff8365b1e</PluginTypeName>
      <PrimaryEntity>annotation</PrimaryEntity>
      <AsyncAutoDelete>0</AsyncAutoDelete>
      <Configuration>&lt;Settings&gt;
 &lt;Setting key="ConfigurationProviderType" value="PluginStepConfigurationProvider" /&gt;
 &lt;Setting key="Provider Type" value="AzureBlob" /&gt;
 &lt;Setting key="Compression" value="Zip" /&gt;
 &lt;Setting key="CompressionThreshold" value="0.95" /&gt;
 &lt;Setting key="Encryption" value="AES256" /&gt;
 &lt;Setting key="annotationFolder" value="annotations" /&gt;
 &lt;Setting key="annotationRoot" value="crm" /&gt;
 &lt;Setting key="activitymimeattachmentFolder" value="activitymimeattachments" /&gt;
 &lt;Setting key="activitymimeattachmentRoot" value="crm" /&gt;
&lt;/Settings&gt;</Configuration>
      <Description>BinaryStorageOptions.Plugin: Retrieve of annotation</Description>
      <InvocationSource>0</InvocationSource>
      <Mode>0</Mode>
      <Rank>1</Rank>
      <SdkMessageId>{f2bdbb1b-ea3e-db11-86a7-000a3a5473e8}</SdkMessageId>
      <EventHandlerTypeCode>4602</EventHandlerTypeCode>
      <Stage>40</Stage>
      <IsCustomizable>1</IsCustomizable>
      <IsHidden>0</IsHidden>
      <SupportedDeployment>0</SupportedDeployment>
      <IntroducedVersion>1.0</IntroducedVersion>
      <SdkMessageProcessingStepImages />
    </SdkMessageProcessingStep>
    <SdkMessageProcessingStep Name="BinaryStorageOptions.Plugin: RetrieveMultiple of activitymimeattachment" SdkMessageProcessingStepId="{8d3adab0-de31-e611-942d-0050569079a0}">
      <PluginTypeName>BinaryStorageOptions.Plugin, BinaryStorageOptions, Version=4.0.0.0, Culture=neutral, PublicKeyToken=58c4faeff8365b1e</PluginTypeName>
      <PrimaryEntity>activitymimeattachment</PrimaryEntity>
      <AsyncAutoDelete>0</AsyncAutoDelete>
      <Configuration>&lt;Settings&gt;
 &lt;Setting key="ConfigurationProviderType" value="PluginStepConfigurationProvider" /&gt;
 &lt;Setting key="Provider Type" value="AzureBlob" /&gt;
 &lt;Setting key="Compression" value="Zip" /&gt;
 &lt;Setting key="CompressionThreshold" value="0.95" /&gt;
 &lt;Setting key="Encryption" value="AES256" /&gt;
 &lt;Setting key="annotationFolder" value="annotations" /&gt;
 &lt;Setting key="annotationRoot" value="crm" /&gt;
 &lt;Setting key="activitymimeattachmentFolder" value="activitymimeattachments" /&gt;
 &lt;Setting key="activitymimeattachmentRoot" value="crm" /&gt;
&lt;/Settings&gt;</Configuration>
      <Description>BinaryStorageOptions.Plugin: RetrieveMultiple of activitymimeattachment</Description>
      <InvocationSource>0</InvocationSource>
      <Mode>0</Mode>
      <Rank>1</Rank>
      <SdkMessageId>{03bebb1b-ea3e-db11-86a7-000a3a5473e8}</SdkMessageId>
      <EventHandlerTypeCode>4602</EventHandlerTypeCode>
      <Stage>40</Stage>
      <IsCustomizable>1</IsCustomizable>
      <IsHidden>0</IsHidden>
      <SupportedDeployment>0</SupportedDeployment>
      <IntroducedVersion>1.0</IntroducedVersion>
      <SdkMessageProcessingStepImages />
    </SdkMessageProcessingStep>
    <SdkMessageProcessingStep Name="BinaryStorageOptions.Plugin: RetrieveMultiple of annotation" SdkMessageProcessingStepId="{7340299f-de31-e611-942d-0050569079a0}">
      <PluginTypeName>BinaryStorageOptions.Plugin, BinaryStorageOptions, Version=4.0.0.0, Culture=neutral, PublicKeyToken=58c4faeff8365b1e</PluginTypeName>
      <PrimaryEntity>annotation</PrimaryEntity>
      <AsyncAutoDelete>0</AsyncAutoDelete>
      <Configuration>&lt;Settings&gt;
 &lt;Setting key="ConfigurationProviderType" value="PluginStepConfigurationProvider" /&gt;
 &lt;Setting key="Provider Type" value="AzureBlob" /&gt;
 &lt;Setting key="Compression" value="Zip" /&gt;
 &lt;Setting key="CompressionThreshold" value="0.95" /&gt;
 &lt;Setting key="Encryption" value="AES256" /&gt;
 &lt;Setting key="annotationFolder" value="annotations" /&gt;
 &lt;Setting key="annotationRoot" value="crm" /&gt;
 &lt;Setting key="activitymimeattachmentFolder" value="activitymimeattachments" /&gt;
 &lt;Setting key="activitymimeattachmentRoot" value="crm" /&gt;
&lt;/Settings&gt;</Configuration>
      <Description>BinaryStorageOptions.Plugin: RetrieveMultiple of annotation</Description>
      <InvocationSource>0</InvocationSource>
      <Mode>0</Mode>
      <Rank>1</Rank>
      <SdkMessageId>{03bebb1b-ea3e-db11-86a7-000a3a5473e8}</SdkMessageId>
      <EventHandlerTypeCode>4602</EventHandlerTypeCode>
      <Stage>40</Stage>
      <IsCustomizable>1</IsCustomizable>
      <IsHidden>0</IsHidden>
      <SupportedDeployment>0</SupportedDeployment>
      <IntroducedVersion>1.0</IntroducedVersion>
      <SdkMessageProcessingStepImages />
    </SdkMessageProcessingStep>
    <SdkMessageProcessingStep Name="BinaryStorageOptions.Plugin: Update of annotation" SdkMessageProcessingStepId="{27ec6eea-de31-e611-942d-0050569079a0}">
      <PluginTypeName>BinaryStorageOptions.Plugin, BinaryStorageOptions, Version=4.0.0.0, Culture=neutral, PublicKeyToken=58c4faeff8365b1e</PluginTypeName>
      <PrimaryEntity>annotation</PrimaryEntity>
      <AsyncAutoDelete>0</AsyncAutoDelete>
      <Configuration>&lt;Settings&gt;
 &lt;Setting key="ConfigurationProviderType" value="PluginStepConfigurationProvider" /&gt;
 &lt;Setting key="Provider Type" value="AzureBlob" /&gt;
 &lt;Setting key="Compression" value="Zip" /&gt;
 &lt;Setting key="CompressionThreshold" value="0.95" /&gt;
 &lt;Setting key="Encryption" value="AES256" /&gt;
 &lt;Setting key="annotationFolder" value="annotations" /&gt;
 &lt;Setting key="annotationRoot" value="crm" /&gt;
 &lt;Setting key="activitymimeattachmentFolder" value="activitymimeattachments" /&gt;
 &lt;Setting key="activitymimeattachmentRoot" value="crm" /&gt;
&lt;/Settings&gt;</Configuration>
      <Description>BinaryStorageOptions.Plugin: Update of annotation</Description>
      <FilteringAttributes>documentbody</FilteringAttributes>
      <InvocationSource>1</InvocationSource>
      <Mode>0</Mode>
      <Rank>1</Rank>
      <SdkMessageId>{20bebb1b-ea3e-db11-86a7-000a3a5473e8}</SdkMessageId>
      <EventHandlerTypeCode>4602</EventHandlerTypeCode>
      <Stage>20</Stage>
      <IsCustomizable>1</IsCustomizable>
      <IsHidden>0</IsHidden>
      <SupportedDeployment>0</SupportedDeployment>
      <IntroducedVersion>1.0</IntroducedVersion>
      <SdkMessageProcessingStepImages>
        <SdkMessageProcessingStepImage Name="PreUpdate">
          <SdkMessageProcessingStepImageId>{42a7b2f6-de31-e611-942d-0050569079a0}</SdkMessageProcessingStepImageId>
          <Attributes>filename</Attributes>
          <EntityAlias>PreUpdate</EntityAlias>
          <ImageType>0</ImageType>
          <MessagePropertyName>Target</MessagePropertyName>
          <IsCustomizable>1</IsCustomizable>
        </SdkMessageProcessingStepImage>
      </SdkMessageProcessingStepImages>
    </SdkMessageProcessingStep>
  </SdkMessageProcessingSteps>
  <Languages>
    <Language>1033</Language>
  </Languages>
</ImportExportXml>